What Is Data Scraping And How Can You Use It? - Target ...,https://www.targetinternet.com/what-is-data-scraping-and-how-can-you-use-it/,13 sep. 2017
What is data scraping? - YouTube,https://www.youtube.com/watch?v=COeMzrSYgvw,30 okt. 2020
Data Scraping from Websites to Excel | Web Scraper Chorme ...,https://www.youtube.com/watch?v=aClnnoQK9G0,20 aug. 2021
Python Web Scraping Tutorial: Step-By-Step - Oxylabs,https://oxylabs.io/blog/python-web-scraping,6 jan. 2022
7 Best Web Scraping Tools To Extract Data - Better ...,https://betterprogramming.pub/data-scraping-tools-7cb76eeab89e,26 apr. 2021
What is Web Scraping and What is it Used For? - ParseHub,https://www.parsehub.com/blog/what-is-web-scraping/,1 aug. 2021
10 FREE Web Scrapers That You Cannot Miss in 2022,https://www.octoparse.com/blog/9-free-web-scrapers-that-you-cannot-miss,19 mars 2022
What is DATA SCRAPING? What does DATA ... - YouTube,https://www.youtube.com/watch?v=omTtMylcWOI,21 sep. 2017
8 Best Web Scraping Tools - Learn - Hevo Data,https://hevodata.com/learn/8-best-web-scraping-tools/,6 feb. 2021
Extract data from any website without code | Bardeen Scraper,https://www.bardeen.ai/scraper,17 juni 2021
Web Scraping: Let Web Data Feed Your Website - WP All Import,https://www.wpallimport.com/web-scraping/,28 dec. 2021
Web Scraping with Python - Beautiful Soup Crash Course,https://www.youtube.com/watch?v=XVv6mJpFOb0,18 nov. 2020
Build a Web Scraper (super simple!) - YouTube,https://www.youtube.com/watch?v=-3lqUHeZs_0,26 sep. 2021
Top Data Scraping Tools you must know for 2022 to assist ...,https://www.octoparse.com/blog/best-data-scraping-tools-for-2021,18 mars 2022
Web Scraping Examples: How are Businesses Using Web ...,https://www.parsehub.com/blog/web-scraping-examples/,1 feb. 2022
Web Scraper - Free Web Scraping - Chrome Web Store,https://chrome.google.com/webstore/detail/web-scraper/jnhgnonknehpejjnehehllkliplmbmhn?hl=sv,25 juni 2019
"Web-Scraping 101: Functions, Use Cases, References, & Best ...",https://medium.com/technology-hits/web-scraping-101-functions-use-cases-references-best-practices-b90d732a042,9 nov. 2021
Web scraping for Beginners | Introduction guide - ParseHub,https://www.parsehub.com/blog/beginners-guide-to-web-scraping/,17 nov. 2020
Data scraping – the attraction and the legal and ethical risks,https://www.privacylaws.com/events-gateway/events/datascraping2021/,12 okt. 2021
Web Scraper intro tutorial - YouTube,https://www.youtube.com/watch?v=n7fob_XVsbY,25 juni 2019
The Best Web Scraping Tools for 2021 - ScrapingBee,https://www.scrapingbee.com/blog/web-scraping-tools/,11 juni 2021
Web Scraping Software - UiPath,https://www.uipath.com/solutions/technology/web-scraping-software,31 jan. 2015
What is Web Scraping and What is it Used For? - YouTube,https://www.youtube.com/watch?v=Ct8Gxo8StBU,27 sep. 2019
Web Scraping Services Company India - Eminenture,https://www.eminenture.com/web-scraping-services.php,23 dec. 2021
Is Web Scraping Legal? Explanation and Examples - ParseHub,https://www.parsehub.com/blog/web-scraping-legal/,14 juli 2021
Web scraping using Python - Linux Hint,https://linuxhint.com/web_scraping_python/,7 okt. 2019
Helium Scraper: Web Scraper,https://www.heliumscraper.com/eng/,29 dec. 2010
Web Scrape Text from ANY Website - Web Scraping in R (Part 1),https://www.youtube.com/watch?v=v8Yh_4oE-Fs,11 maj 2020
Web Scraping and Data Wrangling with pandas in 3 Steps,https://www.learnpythonwithrune.org/web-scraping-and-data-wrangling-with-pandas-in-3-steps/,15 mars 2022
Data Scraping Crawler - Phantombuster,https://phantombuster.com/automations/toolbox/22972/data-scraping-crawler,25 aug. 2021
Web Scraping Techniques: How to Scrape Data from the Internet,https://www.youtube.com/watch?v=WgfUrqMbokE,25 mars 2021
Web Scraping with Power BI & Python - 3Cloud LLC.,https://3cloudsolutions.com/post/web-scraping-with-power-bi-python-2/,21 apr. 2020
Instant Data Scraper Chorme Extension | Learn Web Scraping,https://www.youtube.com/watch?v=Y5lodOYAURY,16 aug. 2021
Web scraping data with Azure Data Factory - SQLShack,https://www.sqlshack.com/web-scraping-data-with-azure-data-factory/,3 aug. 2021
Watch | What is data scraping? - The Hindu,https://www.thehindu.com/sci-tech/technology/what-is-data-scraping/article32908610.ece,21 okt. 2020
Web Scraping Using Python | GeeksforGeeks - YouTube,https://www.youtube.com/watch?v=O6nnVHPjcJU,14 apr. 2021
Web Scraping 101: 10 Myths that Everyone Should Know,https://www.octoparse.com/blog/10-myths-about-web-scraping,16 aug. 2021
How to Seed your Database with Web Scraping - YouTube,https://www.youtube.com/watch?v=_opDs6UPDyo,9 mars 2017
Learn How To Scrape Data Using Python | Great Learning,https://www.youtube.com/watch?v=ktNAhLp0ymg,8 juli 2020
5 Things You Need to Know Before Scraping Data From ...,https://www.octoparse.com/blog/5-things-you-need-to-know-before-scraping-data-from-facebook,12 aug. 2021
Tidy web scraping in R — Tutorial and resources - Towards ...,https://towardsdatascience.com/tidy-web-scraping-in-r-tutorial-and-resources-ac9f72b4fe47,16 aug. 2019
How to do Data Scraping in UiPath - Full Tutorial - YouTube,https://www.youtube.com/watch?v=94vxID7MBOM,För 1 månad sedan
Top Web Scraping Services For Your Ecommerce Store,https://firebearstudio.com/blog/ecommerce-magento-web-scraping.html,13 feb. 2017
WHAT IS DATA SCRAPING AND HOW CAN YOU USE IT?,https://www.linkedin.com/pulse/what-data-scraping-how-can-you-use-daniel-rowles,21 nov. 2017
Scraping Data for Digital Marketers .. No Coding Experience ...,https://medium.com/@saijogeorge/scraping-data-for-digital-marketers-96f0c397a7ea,8 aug. 2014
UiPath Basics #10 - Data Scraping to Excel - YouTube,https://www.youtube.com/watch?v=kOPfG44-CBw,13 juli 2020
Web Scraping vs API: What's the Difference? - ParseHub,https://www.parsehub.com/blog/web-scraping-vs-api/,9 mars 2020
Implementing Web Scraping in Python with BeautifulSoup,https://www.geeksforgeeks.org/implementing-web-scraping-python-beautiful-soup/,För 3 veckor sedan
Top 5 Web Scraping Tools to Use in Sourcing - WizardSourcer,https://wizardsourcer.com/top-5-web-scraping-tools-to-use-in-sourcing/,6 nov. 2018
Manage and Prevent Web Scraping - F5 Networks,https://www.f5.com/solutions/scraping,21 maj 2020
Top 7 Python Web Scraping Tools For Data Scientists,https://analyticsindiamag.com/top-7-python-web-scraping-tools-for-data-scientists/,12 nov. 2019
Web Scraping Techniques: How to Scrape Data from the Internet,https://www.parsehub.com/blog/web-scraping-techniques/,16 mars 2020
Web Scraping vs Web Crawling: The Differences - Oxylabs,https://oxylabs.io/blog/crawling-vs-scraping,10 okt. 2019
Web Scraping Tool & Free Web Crawlers | Octoparse,https://www.octoparse.com/WebScraping,9 sep. 2021
Google Maps Data Scraping by Free Instant Data Scraper ...,https://www.youtube.com/watch?v=iNy4kfyzK-k,26 aug. 2021
FAQ|15 Most Frequently Asked Questions about Web Scraping,https://www.octoparse.com/blog/15-most-frequently-asked-questions-of-web-scraping,9 mars 2022
Intro to Web Scraping with Python and Beautiful Soup - YouTube,https://www.youtube.com/watch?v=XQgXKtPSzUI,7 jan. 2017
NoCoding Data Scraper - Easy Web Scraping - Edge Add-ons,https://microsoftedge.microsoft.com/addons/detail/nocoding-data-scraper-i/daiklcgdelcbcmjepemiklfglodmofbm,27 aug. 2020
Best Data Scraping Tools for 2021 (Top 10 Reviews),https://medium.datadriveninvestor.com/best-data-scraping-tools-for-2019-top-10-reviews-4a686061a184,6 maj 2019
Basics on Web Scraping - JADS MKB Datalab,https://jadsmkbdatalab.nl/web-scraping/,31 okt. 2020
How to Scrape Modern Websites for Data - YouTube,https://www.youtube.com/watch?v=vsmxMLmroyQ,10 mars 2017
Web scraping in Python (Part 3): Building a dataset - YouTube,https://www.youtube.com/watch?v=v5DDW5dyfyc,11 aug. 2017
Web scraping – everything you need to know - Smartproxy,https://smartproxy.com/what-is-web-scraping,7 dec. 2021
Web Data Extraction Automation - UiPath,https://www.uipath.com/learning/video-tutorials/web-data-extraction-automation,19 jan. 2021
Is Web Scraping Easy? How to Scrape Data without Coding ...,https://www.parsehub.com/blog/web-scraping-easy/,10 feb. 2020
Context on the recent US decision to legalize LinkedIn data ...,https://www.datacollaboration.org/post/context-regarding-the-recent-us-decision-on-linkedin-data-scraping,För 1 månad sedan
What is Web Scraping? | Practical Uses & Methods - WebHarvy,https://www.webharvy.com/articles/what-is-web-scraping.html,26 okt. 2021
Web Scraping vs Data Mining: What's the Difference?,https://www.parsehub.com/blog/web-scraping-vs-data-mining/,2 mars 2020
"Web scraping, data scraper, data mining and data extraction",https://www.upwork.com/services/product/the-scraped-data-from-the-websites-you-want-in-excel-or-in-spread-sheet-1320010697196572672,25 jan. 2022
Data Scraping for SEO & Analytics - Tutorial - Optimize Smart,https://www.optimizesmart.com/data-scraping-guide-for-seo/,26 aug. 2021
How to Scrape Data with a Simple and Easy-to-Use Scraper,https://www.parsehub.com/blog/simple-easy-web-scraper/,31 aug. 2020
10 Best Open Source Web Scraper in 2022 - Octoparse,https://www.octoparse.com/blog/10-best-open-source-web-scraper,16 jan. 2022
UiPath Data Scraping (Web Page to Excel) - Tutorial - YouTube,https://www.youtube.com/watch?v=vIAJvk4quqA,22 jan. 2020
Comprehensive Guide To Web Scraping With Selenium,https://analyticsindiamag.com/comprehensive-guide-to-web-scraping-with-selenium/,25 juli 2021
UiPath - How to Data Scrape from a web page and save to Excel,https://www.youtube.com/watch?v=96ZfYM3z28w,4 apr. 2020
How to do Web Scraping with UiPath - Use Case - YouTube,https://www.youtube.com/watch?v=jDKo4sax0SY,15 sep. 2020
Web Scraping with Python 101 [2022 REVISION] - ZenRows,https://www.zenrows.com/blog/web-scraping-with-python,19 jan. 2022
What Is Web Scraping - Basics & Practical Uses - Octoparse,https://www.octoparse.com/blog/what-is-web-scraping-basics-and-use-cases,24 jan. 2022
10 Questions to Ask Before Proceeding with Web Scraping,https://www.octoparse.com/blog/10-questions-to-ask-before-proceeding-with-web-scraping,6 jan. 2020
OCR screen scraping - UI Vision,https://ui.vision/rpa/x/desktop-automation/screen-scraping,12 maj 2019
Scraping Data from Website to Excel (Tutorial 2022) | Octoparse,https://www.octoparse.com/blog/scraping-data-from-website-to-excel,För 1 månad sedan
Practical Introduction to Web Scraping in R - R-bloggers,https://www.r-bloggers.com/2019/04/practical-introduction-to-web-scraping-in-r/,10 apr. 2019
RPA Use Case: Facebook Data Scraping - Sunflower Lab,https://www.thesunflowerlab.com/blog/rpa-use-case-facebook-data-scraping/,20 dec. 2021
How does web scraping work? - ParseHub,https://www.parsehub.com/blog/how-web-scraping-works/,24 feb. 2020
Web Scraping for SQL Machine learning using R scripts,https://www.sqlshack.com/web-scraping-for-sql-machine-learning-using-r-scripts/,14 dec. 2020
4.3 Data Scraping & Cleaning Tools - Mavs Open Press,https://uta.pressbooks.pub/datanotebook/chapter/4-3-data-scraping-software/,10 okt. 2021
Data Scraping - Gavagai,https://www.gavagai.io/solutions/scraping/,23 jan. 2020
Web Scraping - Research-IT,https://research-it.wharton.upenn.edu/data/webscraping/,8 juli 2010
"Data scraping, web scraping, data extraction and data mining",https://www.upwork.com/services/product/web-scraping-and-data-mining-1330753405936447488,29 jan. 2022
"Web Scraping with Beautiful Soup, Selenium, or Scrapy?",https://towardsdatascience.com/web-scraping-with-beautiful-soup-selenium-or-scrapy-62c6f3545de7,16 dec. 2020
Web Scraper for Mac: How to Scrape Data from Any Website ...,https://www.parsehub.com/blog/web-scraper-mac/,4 maj 2020
Top Resources To Learn Web Scraping - Analytics India ...,https://analyticsindiamag.com/top-resources-to-learn-web-scraping/,5 apr. 2020
Instant Data Scraper - Microsoft Edge Addons,https://microsoftedge.microsoft.com/addons/detail/instant-data-scraper/onnjkaofddpgfmbcnbnfacjacjamelfa,11 dec. 2019
How to use Bardeen scraper,https://www.bardeen.ai/tutorials/scraper,17 feb. 2022
Modern Web Scraping Guide - Fireship.io,https://fireship.io/lessons/web-scraping-guide/,17 juli 2019
Chapter 4 Web scraping | Introduction to data science - GitHub ...,https://fri-datascience.github.io/course_ids/handbook/scraping.html,2 feb. 2021
An Intro to Web Scraping with Python - Chi Hack Night,https://chihacknight.org/blog/2014/11/26/an-intro-to-web-scraping-with-python.html,26 nov. 2014
4 Web Scraping Tools To Save You Time On Data Extraction,https://tech.co/news/4-web-scraping-tools-save-time-data-extraction-2015-03,18 mars 2015
Super Fast Web Scraping in Python Using Only Pandas,https://medium.com/geekculture/super-fast-web-scraping-in-python-using-only-pandas-ff8916ba26bd,11 feb. 2022
Web Scraping Software to Extract Data from Websites - Agenty,https://agenty.com/products/scraping-agent/,29 aug. 2019
